,complaint_id,model_prediction,model_type,prediction_timestamp
0,1476.0,high,sanction,2021-09-17T10:22:38.518451
1,1576.0,low,sanction,2021-09-17T10:22:38.518451
2,1582.0,high,sanction,2021-09-17T10:22:38.518451
3,1688.0,high,sanction,2021-09-17T10:22:38.518451
4,1700.0,high,sanction,2021-09-17T10:22:38.518451
5,1715.0,low,sanction,2021-09-17T10:22:38.518451
6,1747.0,low,sanction,2021-09-17T10:22:38.518451
7,1760.0,high,sanction,2021-09-17T10:22:38.518451
8,1765.0,high,sanction,2021-09-17T10:22:38.518451
9,1775.0,high,sanction,2021-09-17T10:22:38.518451
10,1779.0,high,sanction,2021-09-17T10:22:38.518451
11,1783.0,low,sanction,2021-09-17T10:22:38.518451
12,1830.0,high,sanction,2021-09-17T10:22:38.518451
13,1856.0,high,sanction,2021-09-17T10:22:38.518451
14,1862.0,high,sanction,2021-09-17T10:22:38.518451
15,1869.0,high,sanction,2021-09-17T10:22:38.518451
16,1900.0,high,sanction,2021-09-17T10:22:38.518451
17,1918.0,low,sanction,2021-09-17T10:22:38.518451
18,1921.0,high,sanction,2021-09-17T10:22:38.518451
19,1924.0,high,sanction,2021-09-17T10:22:38.518451
20,1933.0,low,sanction,2021-09-17T10:22:38.518451
21,1946.0,high,sanction,2021-09-17T10:22:38.518451
22,2051.0,high,sanction,2021-09-17T10:22:38.518451
23,2115.0,high,sanction,2021-09-17T10:22:38.518451
24,2149.0,high,sanction,2021-09-17T10:22:38.518451
25,2150.0,high,sanction,2021-09-17T10:22:38.518451
26,2171.0,high,sanction,2021-09-17T10:22:38.518451
27,2179.0,high,sanction,2021-09-17T10:22:38.518451
28,2184.0,high,sanction,2021-09-17T10:22:38.518451
29,2190.0,low,sanction,2021-09-17T10:22:38.518451
30,2206.0,high,sanction,2021-09-17T10:22:38.518451
31,2226.0,low,sanction,2021-09-17T10:22:38.518451
32,2234.0,high,sanction,2021-09-17T10:22:38.518451
33,2265.0,high,sanction,2021-09-17T10:22:38.518451
34,2271.0,high,sanction,2021-09-17T10:22:38.518451
35,2285.0,low,sanction,2021-09-17T10:22:38.518451
36,2304.0,low,sanction,2021-09-17T10:22:38.518451
37,2307.0,low,sanction,2021-09-17T10:22:38.518451
38,2317.0,high,sanction,2021-09-17T10:22:38.518451
39,2334.0,low,sanction,2021-09-17T10:22:38.518451
40,2336.0,low,sanction,2021-09-17T10:22:38.518451
41,2380.0,high,sanction,2021-09-17T10:22:38.518451
42,2401.0,low,sanction,2021-09-17T10:22:38.518451
43,2403.0,high,sanction,2021-09-17T10:22:38.518451
44,2442.0,high,sanction,2021-09-17T10:22:38.518451
45,2459.0,high,sanction,2021-09-17T10:22:38.518451
46,2471.0,high,sanction,2021-09-17T10:22:38.518451
47,2482.0,high,sanction,2021-09-17T10:22:38.518451
48,2501.0,high,sanction,2021-09-17T10:22:38.518451
49,2542.0,high,sanction,2021-09-17T10:22:38.518451
50,2551.0,low,sanction,2021-09-17T10:22:38.518451
51,2575.0,high,sanction,2021-09-17T10:22:38.518451
52,2579.0,low,sanction,2021-09-17T10:22:38.518451
53,2606.0,high,sanction,2021-09-17T10:22:38.518451
54,2628.0,high,sanction,2021-09-17T10:22:38.518451
55,2640.0,high,sanction,2021-09-17T10:22:38.518451
56,2649.0,high,sanction,2021-09-17T10:22:38.518451
57,2657.0,low,sanction,2021-09-17T10:22:38.518451
58,2661.0,high,sanction,2021-09-17T10:22:38.518451
59,2687.0,low,sanction,2021-09-17T10:22:38.518451
60,2704.0,high,sanction,2021-09-17T10:22:38.518451
61,2731.0,low,sanction,2021-09-17T10:22:38.518451
62,2738.0,low,sanction,2021-09-17T10:22:38.518451
63,2752.0,low,sanction,2021-09-17T10:22:38.518451
64,2753.0,low,sanction,2021-09-17T10:22:38.518451
65,3806.0,high,sanction,2021-09-17T10:22:38.518451
66,3810.0,low,sanction,2021-09-17T10:22:38.518451
67,3865.0,low,sanction,2021-09-17T10:22:38.518451
68,3891.0,high,sanction,2021-09-17T10:22:38.518451
69,3909.0,low,sanction,2021-09-17T10:22:38.518451
70,3910.0,low,sanction,2021-09-17T10:22:38.518451
71,3921.0,low,sanction,2021-09-17T10:22:38.518451
72,3943.0,low,sanction,2021-09-17T10:22:38.518451
73,3956.0,high,sanction,2021-09-17T10:22:38.518451
74,5007.0,high,sanction,2021-09-17T10:22:38.518451
75,5009.0,high,sanction,2021-09-17T10:22:38.518451
76,5015.0,high,sanction,2021-09-17T10:22:38.518451
77,5024.0,high,sanction,2021-09-17T10:22:38.518451
78,5038.0,high,sanction,2021-09-17T10:22:38.518451
79,5047.0,high,sanction,2021-09-17T10:22:38.518451
80,5071.0,low,sanction,2021-09-17T10:22:38.518451
81,5107.0,high,sanction,2021-09-17T10:22:38.518451
82,5143.0,low,sanction,2021-09-17T10:22:38.518451
83,5163.0,low,sanction,2021-09-17T10:22:38.518451
84,5172.0,low,sanction,2021-09-17T10:22:38.518451
85,5178.0,high,sanction,2021-09-17T10:22:38.518451
86,5179.0,high,sanction,2021-09-17T10:22:38.518451
87,5181.0,low,sanction,2021-09-17T10:22:38.518451
88,5183.0,low,sanction,2021-09-17T10:22:38.518451
89,5200.0,high,sanction,2021-09-17T10:22:38.518451
90,5204.0,high,sanction,2021-09-17T10:22:38.518451
91,5241.0,low,sanction,2021-09-17T10:22:38.518451
92,6246.0,low,sanction,2021-09-17T10:22:38.518451
93,6281.0,high,sanction,2021-09-17T10:22:38.518451
94,6324.0,low,sanction,2021-09-17T10:22:38.518451
95,6404.0,high,sanction,2021-09-17T10:22:38.518451
96,6454.0,low,sanction,2021-09-17T10:22:38.518451
97,6518.0,high,sanction,2021-09-17T10:22:38.518451
98,6531.0,low,sanction,2021-09-17T10:22:38.518451
99,6565.0,low,sanction,2021-09-17T10:22:38.518451
100,6574.0,low,sanction,2021-09-17T10:22:38.518451
101,6577.0,high,sanction,2021-09-17T10:22:38.518451
102,6578.0,low,sanction,2021-09-17T10:22:38.518451
103,6581.0,low,sanction,2021-09-17T10:22:38.518451
104,6619.0,low,sanction,2021-09-17T10:22:38.518451
105,6633.0,high,sanction,2021-09-17T10:22:38.518451
106,6687.0,high,sanction,2021-09-17T10:22:38.518451
107,6714.0,low,sanction,2021-09-17T10:22:38.518451
108,6728.0,low,sanction,2021-09-17T10:22:38.518451
109,6737.0,high,sanction,2021-09-17T10:22:38.518451
110,6764.0,low,sanction,2021-09-17T10:22:38.518451
111,6777.0,low,sanction,2021-09-17T10:22:38.518451
112,6782.0,high,sanction,2021-09-17T10:22:38.518451
113,6792.0,high,sanction,2021-09-17T10:22:38.518451
114,6830.0,high,sanction,2021-09-17T10:22:38.518451
115,6849.0,high,sanction,2021-09-17T10:22:38.518451
116,6868.0,high,sanction,2021-09-17T10:22:38.518451
117,6875.0,high,sanction,2021-09-17T10:22:38.518451
118,6971.0,high,sanction,2021-09-17T10:22:38.518451
119,6973.0,high,sanction,2021-09-17T10:22:38.518451
120,6976.0,high,sanction,2021-09-17T10:22:38.518451
121,6991.0,low,sanction,2021-09-17T10:22:38.518451
122,6998.0,high,sanction,2021-09-17T10:22:38.518451
123,7069.0,high,sanction,2021-09-17T10:22:38.518451
124,7100.0,high,sanction,2021-09-17T10:22:38.518451
125,7103.0,low,sanction,2021-09-17T10:22:38.518451
126,7107.0,low,sanction,2021-09-17T10:22:38.518451
127,7125.0,low,sanction,2021-09-17T10:22:38.518451
128,7126.0,high,sanction,2021-09-17T10:22:38.518451
129,7154.0,high,sanction,2021-09-17T10:22:38.518451
130,7169.0,high,sanction,2021-09-17T10:22:38.518451
131,7180.0,high,sanction,2021-09-17T10:22:38.518451
132,7215.0,low,sanction,2021-09-17T10:22:38.518451
133,7237.0,high,sanction,2021-09-17T10:22:38.518451
134,7259.0,low,sanction,2021-09-17T10:22:38.518451
135,7264.0,low,sanction,2021-09-17T10:22:38.518451
136,7283.0,low,sanction,2021-09-17T10:22:38.518451
137,7333.0,high,sanction,2021-09-17T10:22:38.518451
138,7343.0,high,sanction,2021-09-17T10:22:38.518451
139,7382.0,high,sanction,2021-09-17T10:22:38.518451
140,7401.0,high,sanction,2021-09-17T10:22:38.518451
141,7403.0,high,sanction,2021-09-17T10:22:38.518451
142,7431.0,high,sanction,2021-09-17T10:22:38.518451
143,7546.0,high,sanction,2021-09-17T10:22:38.518451
144,7590.0,low,sanction,2021-09-17T10:22:38.518451
145,7692.0,low,sanction,2021-09-17T10:22:38.518451
146,7728.0,low,sanction,2021-09-17T10:22:38.518451
147,7754.0,high,sanction,2021-09-17T10:22:38.518451
148,7771.0,low,sanction,2021-09-17T10:22:38.518451
149,7815.0,high,sanction,2021-09-17T10:22:38.518451
150,7839.0,low,sanction,2021-09-17T10:22:38.518451
151,7860.0,low,sanction,2021-09-17T10:22:38.518451
152,7862.0,high,sanction,2021-09-17T10:22:38.518451
153,7875.0,high,sanction,2021-09-17T10:22:38.518451
154,7891.0,low,sanction,2021-09-17T10:22:38.518451
155,7893.0,high,sanction,2021-09-17T10:22:38.518451
156,7895.0,low,sanction,2021-09-17T10:22:38.518451
157,7910.0,high,sanction,2021-09-17T10:22:38.518451
158,7914.0,high,sanction,2021-09-17T10:22:38.518451
159,7932.0,high,sanction,2021-09-17T10:22:38.518451
160,7935.0,low,sanction,2021-09-17T10:22:38.518451
161,7940.0,low,sanction,2021-09-17T10:22:38.518451
162,7952.0,low,sanction,2021-09-17T10:22:38.518451
163,7999.0,high,sanction,2021-09-17T10:22:38.518451
164,8020.0,high,sanction,2021-09-17T10:22:38.518451
165,8047.0,high,sanction,2021-09-17T10:22:38.518451
166,8052.0,low,sanction,2021-09-17T10:22:38.518451
167,8054.0,high,sanction,2021-09-17T10:22:38.518451
168,8085.0,high,sanction,2021-09-17T10:22:38.518451
169,8087.0,high,sanction,2021-09-17T10:22:38.518451
170,8096.0,high,sanction,2021-09-17T10:22:38.518451
171,8107.0,high,sanction,2021-09-17T10:22:38.518451
172,8109.0,low,sanction,2021-09-17T10:22:38.518451
173,8132.0,low,sanction,2021-09-17T10:22:38.518451
174,8138.0,high,sanction,2021-09-17T10:22:38.518451
175,8162.0,high,sanction,2021-09-17T10:22:38.518451
176,8213.0,high,sanction,2021-09-17T10:22:38.518451
177,8257.0,high,sanction,2021-09-17T10:22:38.518451
178,8277.0,high,sanction,2021-09-17T10:22:38.518451
179,8287.0,high,sanction,2021-09-17T10:22:38.518451
180,8292.0,low,sanction,2021-09-17T10:22:38.518451
181,8309.0,high,sanction,2021-09-17T10:22:38.518451
182,8312.0,high,sanction,2021-09-17T10:22:38.518451
183,8324.0,high,sanction,2021-09-17T10:22:38.518451
184,8333.0,low,sanction,2021-09-17T10:22:38.518451
185,8337.0,high,sanction,2021-09-17T10:22:38.518451
186,8345.0,low,sanction,2021-09-17T10:22:38.518451
187,8374.0,low,sanction,2021-09-17T10:22:38.518451
188,8403.0,high,sanction,2021-09-17T10:22:38.518451
189,8404.0,high,sanction,2021-09-17T10:22:38.518451
190,8456.0,low,sanction,2021-09-17T10:22:38.518451
191,8486.0,low,sanction,2021-09-17T10:22:38.518451
192,8491.0,low,sanction,2021-09-17T10:22:38.518451
193,9506.0,low,sanction,2021-09-17T10:22:38.518451
194,9565.0,low,sanction,2021-09-17T10:22:38.518451
195,9566.0,low,sanction,2021-09-17T10:22:38.518451
196,9574.0,high,sanction,2021-09-17T10:22:38.518451
197,9600.0,low,sanction,2021-09-17T10:22:38.518451
198,9605.0,low,sanction,2021-09-17T10:22:38.518451
199,9616.0,high,sanction,2021-09-17T10:22:38.518451
200,9619.0,high,sanction,2021-09-17T10:22:38.518451
201,9630.0,high,sanction,2021-09-17T10:22:38.518451
202,9693.0,low,sanction,2021-09-17T10:22:38.518451
203,9699.0,high,sanction,2021-09-17T10:22:38.518451
204,9711.0,low,sanction,2021-09-17T10:22:38.518451
205,9730.0,low,sanction,2021-09-17T10:22:38.518451
206,9750.0,high,sanction,2021-09-17T10:22:38.518451
207,9768.0,high,sanction,2021-09-17T10:22:38.518451
208,9771.0,high,sanction,2021-09-17T10:22:38.518451
209,9817.0,high,sanction,2021-09-17T10:22:38.518451
210,9833.0,high,sanction,2021-09-17T10:22:38.518451
211,9839.0,low,sanction,2021-09-17T10:22:38.518451
212,9861.0,high,sanction,2021-09-17T10:22:38.518451
213,9875.0,low,sanction,2021-09-17T10:22:38.518451
214,9880.0,low,sanction,2021-09-17T10:22:38.518451
215,9914.0,high,sanction,2021-09-17T10:22:38.518451
216,9954.0,low,sanction,2021-09-17T10:22:38.518451
217,9959.0,high,sanction,2021-09-17T10:22:38.518451
218,9988.0,high,sanction,2021-09-17T10:22:38.518451
219,9990.0,high,sanction,2021-09-17T10:22:38.518451
220,10022.0,low,sanction,2021-09-17T10:22:38.518451
221,10026.0,high,sanction,2021-09-17T10:22:38.518451
222,10034.0,high,sanction,2021-09-17T10:22:38.518451
223,10040.0,high,sanction,2021-09-17T10:22:38.518451
224,10043.0,low,sanction,2021-09-17T10:22:38.518451
225,10046.0,high,sanction,2021-09-17T10:22:38.518451
226,10075.0,high,sanction,2021-09-17T10:22:38.518451
227,10105.0,low,sanction,2021-09-17T10:22:38.518451
228,10151.0,low,sanction,2021-09-17T10:22:38.518451
229,10199.0,high,sanction,2021-09-17T10:22:38.518451
230,10270.0,low,sanction,2021-09-17T10:22:38.518451
231,10279.0,low,sanction,2021-09-17T10:22:38.518451
232,10333.0,low,sanction,2021-09-17T10:22:38.518451
233,10398.0,high,sanction,2021-09-17T10:22:38.518451
234,10402.0,high,sanction,2021-09-17T10:22:38.518451
235,10415.0,high,sanction,2021-09-17T10:22:38.518451
236,10424.0,high,sanction,2021-09-17T10:22:38.518451
237,10465.0,low,sanction,2021-09-17T10:22:38.518451
238,10481.0,low,sanction,2021-09-17T10:22:38.518451
239,10515.0,high,sanction,2021-09-17T10:22:38.518451
240,10521.0,high,sanction,2021-09-17T10:22:38.518451
241,10526.0,low,sanction,2021-09-17T10:22:38.518451
242,10537.0,high,sanction,2021-09-17T10:22:38.518451
243,10543.0,low,sanction,2021-09-17T10:22:38.518451
244,10548.0,high,sanction,2021-09-17T10:22:38.518451
245,10573.0,high,sanction,2021-09-17T10:22:38.518451
246,10581.0,low,sanction,2021-09-17T10:22:38.518451
247,10598.0,high,sanction,2021-09-17T10:22:38.518451
248,10601.0,high,sanction,2021-09-17T10:22:38.518451
249,10613.0,low,sanction,2021-09-17T10:22:38.518451
250,10618.0,low,sanction,2021-09-17T10:22:38.518451
251,10636.0,high,sanction,2021-09-17T10:22:38.518451
252,10638.0,low,sanction,2021-09-17T10:22:38.518451
253,10660.0,low,sanction,2021-09-17T10:22:38.518451
254,10742.0,low,sanction,2021-09-17T10:22:38.518451
255,10754.0,high,sanction,2021-09-17T10:22:38.518451
256,10762.0,high,sanction,2021-09-17T10:22:38.518451
257,10773.0,high,sanction,2021-09-17T10:22:38.518451
258,10774.0,low,sanction,2021-09-17T10:22:38.518451
259,10791.0,low,sanction,2021-09-17T10:22:38.518451
260,10795.0,high,sanction,2021-09-17T10:22:38.518451
261,10800.0,high,sanction,2021-09-17T10:22:38.518451
262,10803.0,high,sanction,2021-09-17T10:22:38.518451
263,10811.0,high,sanction,2021-09-17T10:22:38.518451
264,10852.0,low,sanction,2021-09-17T10:22:38.518451
265,10864.0,high,sanction,2021-09-17T10:22:38.518451
266,10905.0,high,sanction,2021-09-17T10:22:38.518451
267,10980.0,high,sanction,2021-09-17T10:22:38.518451
268,10991.0,low,sanction,2021-09-17T10:22:38.518451
269,11002.0,low,sanction,2021-09-17T10:22:38.518451
270,11003.0,high,sanction,2021-09-17T10:22:38.518451
271,11040.0,low,sanction,2021-09-17T10:22:38.518451
272,11041.0,high,sanction,2021-09-17T10:22:38.518451
273,11058.0,high,sanction,2021-09-17T10:22:38.518451
274,11078.0,low,sanction,2021-09-17T10:22:38.518451
275,11146.0,low,sanction,2021-09-17T10:22:38.518451
276,11151.0,low,sanction,2021-09-17T10:22:38.518451
277,11208.0,high,sanction,2021-09-17T10:22:38.518451
278,11222.0,high,sanction,2021-09-17T10:22:38.518451
279,11258.0,low,sanction,2021-09-17T10:22:38.518451
280,11298.0,low,sanction,2021-09-17T10:22:38.518451
281,11308.0,low,sanction,2021-09-17T10:22:38.518451
282,11336.0,high,sanction,2021-09-17T10:22:38.518451
283,11346.0,high,sanction,2021-09-17T10:22:38.518451
284,11351.0,high,sanction,2021-09-17T10:22:38.518451
285,11362.0,high,sanction,2021-09-17T10:22:38.518451
286,11369.0,high,sanction,2021-09-17T10:22:38.518451
287,11390.0,high,sanction,2021-09-17T10:22:38.518451
288,11394.0,low,sanction,2021-09-17T10:22:38.518451
289,11395.0,low,sanction,2021-09-17T10:22:38.518451
290,11416.0,high,sanction,2021-09-17T10:22:38.518451
291,11425.0,low,sanction,2021-09-17T10:22:38.518451
292,11431.0,high,sanction,2021-09-17T10:22:38.518451
293,11432.0,high,sanction,2021-09-17T10:22:38.518451
294,11440.0,low,sanction,2021-09-17T10:22:38.518451
295,11443.0,high,sanction,2021-09-17T10:22:38.518451
296,11447.0,low,sanction,2021-09-17T10:22:38.518451
297,11472.0,low,sanction,2021-09-17T10:22:38.518451
298,11479.0,high,sanction,2021-09-17T10:22:38.518451
299,11484.0,high,sanction,2021-09-17T10:22:38.518451
300,11499.0,low,sanction,2021-09-17T10:22:38.518451
301,11536.0,high,sanction,2021-09-17T10:22:38.518451
302,11551.0,high,sanction,2021-09-17T10:22:38.518451
303,11566.0,high,sanction,2021-09-17T10:22:38.518451
304,11579.0,high,sanction,2021-09-17T10:22:38.518451
305,11601.0,low,sanction,2021-09-17T10:22:38.518451
306,11607.0,high,sanction,2021-09-17T10:22:38.518451
307,11655.0,low,sanction,2021-09-17T10:22:38.518451
308,11665.0,high,sanction,2021-09-17T10:22:38.518451
309,11671.0,high,sanction,2021-09-17T10:22:38.518451
310,11684.0,high,sanction,2021-09-17T10:22:38.518451
311,11697.0,low,sanction,2021-09-17T10:22:38.518451
312,11703.0,high,sanction,2021-09-17T10:22:38.518451
313,11734.0,high,sanction,2021-09-17T10:22:38.518451
314,11751.0,high,sanction,2021-09-17T10:22:38.518451
315,11754.0,low,sanction,2021-09-17T10:22:38.518451
316,11767.0,high,sanction,2021-09-17T10:22:38.518451
317,11769.0,low,sanction,2021-09-17T10:22:38.518451
318,11783.0,high,sanction,2021-09-17T10:22:38.518451
319,11814.0,high,sanction,2021-09-17T10:22:38.518451
320,11819.0,high,sanction,2021-09-17T10:22:38.518451
321,11851.0,high,sanction,2021-09-17T10:22:38.518451
322,11891.0,low,sanction,2021-09-17T10:22:38.518451
323,11950.0,high,sanction,2021-09-17T10:22:38.518451
324,11951.0,high,sanction,2021-09-17T10:22:38.518451
325,11957.0,high,sanction,2021-09-17T10:22:38.518451
326,11978.0,low,sanction,2021-09-17T10:22:38.518451
327,11990.0,high,sanction,2021-09-17T10:22:38.518451
328,12008.0,low,sanction,2021-09-17T10:22:38.518451
329,12054.0,high,sanction,2021-09-17T10:22:38.518451
330,12108.0,high,sanction,2021-09-17T10:22:38.518451
331,12117.0,low,sanction,2021-09-17T10:22:38.518451
332,12129.0,high,sanction,2021-09-17T10:22:38.518451
333,12176.0,low,sanction,2021-09-17T10:22:38.518451
334,12178.0,high,sanction,2021-09-17T10:22:38.518451
335,12186.0,low,sanction,2021-09-17T10:22:38.518451
336,12192.0,high,sanction,2021-09-17T10:22:38.518451
337,12195.0,low,sanction,2021-09-17T10:22:38.518451
338,12204.0,high,sanction,2021-09-17T10:22:38.518451
339,12211.0,low,sanction,2021-09-17T10:22:38.518451
340,12227.0,high,sanction,2021-09-17T10:22:38.518451
341,12235.0,high,sanction,2021-09-17T10:22:38.518451
342,12248.0,low,sanction,2021-09-17T10:22:38.518451
343,12250.0,high,sanction,2021-09-17T10:22:38.518451
344,12255.0,low,sanction,2021-09-17T10:22:38.518451
345,12293.0,high,sanction,2021-09-17T10:22:38.518451
346,12305.0,low,sanction,2021-09-17T10:22:38.518451
347,12343.0,low,sanction,2021-09-17T10:22:38.518451
348,12347.0,high,sanction,2021-09-17T10:22:38.518451
349,12348.0,low,sanction,2021-09-17T10:22:38.518451
350,12367.0,high,sanction,2021-09-17T10:22:38.518451
351,12390.0,low,sanction,2021-09-17T10:22:38.518451
352,12395.0,low,sanction,2021-09-17T10:22:38.518451
353,12403.0,low,sanction,2021-09-17T10:22:38.518451
354,12412.0,low,sanction,2021-09-17T10:22:38.518451
355,12438.0,high,sanction,2021-09-17T10:22:38.518451
356,12439.0,low,sanction,2021-09-17T10:22:38.518451
357,12444.0,low,sanction,2021-09-17T10:22:38.518451
358,12503.0,high,sanction,2021-09-17T10:22:38.518451
359,12507.0,high,sanction,2021-09-17T10:22:38.518451
360,12510.0,high,sanction,2021-09-17T10:22:38.518451
361,12533.0,low,sanction,2021-09-17T10:22:38.518451
362,12566.0,high,sanction,2021-09-17T10:22:38.518451
363,12570.0,low,sanction,2021-09-17T10:22:38.518451
364,12596.0,low,sanction,2021-09-17T10:22:38.518451
365,12619.0,high,sanction,2021-09-17T10:22:38.518451
366,12673.0,low,sanction,2021-09-17T10:22:38.518451
367,12676.0,high,sanction,2021-09-17T10:22:38.518451
368,12679.0,high,sanction,2021-09-17T10:22:38.518451
369,12686.0,high,sanction,2021-09-17T10:22:38.518451
370,12687.0,high,sanction,2021-09-17T10:22:38.518451
371,12694.0,high,sanction,2021-09-17T10:22:38.518451
372,12740.0,high,sanction,2021-09-17T10:22:38.518451
373,12763.0,low,sanction,2021-09-17T10:22:38.518451
374,12787.0,low,sanction,2021-09-17T10:22:38.518451
375,12792.0,low,sanction,2021-09-17T10:22:38.518451
376,12805.0,low,sanction,2021-09-17T10:22:38.518451
377,12807.0,low,sanction,2021-09-17T10:22:38.518451
378,12820.0,high,sanction,2021-09-17T10:22:38.518451
379,12870.0,high,sanction,2021-09-17T10:22:38.518451
380,12911.0,low,sanction,2021-09-17T10:22:38.518451
381,12940.0,low,sanction,2021-09-17T10:22:38.518451
382,12974.0,high,sanction,2021-09-17T10:22:38.518451
383,12979.0,high,sanction,2021-09-17T10:22:38.518451
384,12980.0,high,sanction,2021-09-17T10:22:38.518451
385,13010.0,low,sanction,2021-09-17T10:22:38.518451
386,13012.0,low,sanction,2021-09-17T10:22:38.518451
387,13041.0,high,sanction,2021-09-17T10:22:38.518451
388,13061.0,low,sanction,2021-09-17T10:22:38.518451
389,13070.0,high,sanction,2021-09-17T10:22:38.518451
390,13089.0,high,sanction,2021-09-17T10:22:38.518451
391,13090.0,low,sanction,2021-09-17T10:22:38.518451
392,13106.0,high,sanction,2021-09-17T10:22:38.518451
393,13129.0,low,sanction,2021-09-17T10:22:38.518451
394,13133.0,low,sanction,2021-09-17T10:22:38.518451
395,13150.0,high,sanction,2021-09-17T10:22:38.518451
396,13159.0,high,sanction,2021-09-17T10:22:38.518451
397,13174.0,low,sanction,2021-09-17T10:22:38.518451
398,13179.0,low,sanction,2021-09-17T10:22:38.518451
399,13184.0,low,sanction,2021-09-17T10:22:38.518451
400,13187.0,low,sanction,2021-09-17T10:22:38.518451
401,13188.0,high,sanction,2021-09-17T10:22:38.518451
402,13207.0,low,sanction,2021-09-17T10:22:38.518451
403,13210.0,high,sanction,2021-09-17T10:22:38.518451
404,13247.0,low,sanction,2021-09-17T10:22:38.518451
405,13272.0,high,sanction,2021-09-17T10:22:38.518451
406,13276.0,high,sanction,2021-09-17T10:22:38.518451
407,13314.0,high,sanction,2021-09-17T10:22:38.518451
408,13320.0,high,sanction,2021-09-17T10:22:38.518451
409,13350.0,low,sanction,2021-09-17T10:22:38.518451
410,13375.0,low,sanction,2021-09-17T10:22:38.518451
411,13406.0,low,sanction,2021-09-17T10:22:38.518451
412,13410.0,high,sanction,2021-09-17T10:22:38.518451
413,13474.0,high,sanction,2021-09-17T10:22:38.518451
414,13484.0,high,sanction,2021-09-17T10:22:38.518451
415,13486.0,high,sanction,2021-09-17T10:22:38.518451
416,13525.0,low,sanction,2021-09-17T10:22:38.518451
417,13530.0,low,sanction,2021-09-17T10:22:38.518451
418,13531.0,high,sanction,2021-09-17T10:22:38.518451
419,13543.0,low,sanction,2021-09-17T10:22:38.518451
420,13569.0,high,sanction,2021-09-17T10:22:38.518451
421,13584.0,low,sanction,2021-09-17T10:22:38.518451
422,13586.0,low,sanction,2021-09-17T10:22:38.518451
423,13589.0,high,sanction,2021-09-17T10:22:38.518451
424,13603.0,high,sanction,2021-09-17T10:22:38.518451
425,13618.0,high,sanction,2021-09-17T10:22:38.518451
426,13619.0,high,sanction,2021-09-17T10:22:38.518451
427,13622.0,low,sanction,2021-09-17T10:22:38.518451
428,13641.0,high,sanction,2021-09-17T10:22:38.518451
429,13652.0,high,sanction,2021-09-17T10:22:38.518451
430,13666.0,low,sanction,2021-09-17T10:22:38.518451
431,13683.0,high,sanction,2021-09-17T10:22:38.518451
432,13732.0,low,sanction,2021-09-17T10:22:38.518451
433,13735.0,low,sanction,2021-09-17T10:22:38.518451
434,13760.0,high,sanction,2021-09-17T10:22:38.518451
435,13786.0,high,sanction,2021-09-17T10:22:38.518451
436,13797.0,high,sanction,2021-09-17T10:22:38.518451
437,13829.0,high,sanction,2021-09-17T10:22:38.518451
438,13891.0,high,sanction,2021-09-17T10:22:38.518451
439,13914.0,high,sanction,2021-09-17T10:22:38.518451
440,13925.0,high,sanction,2021-09-17T10:22:38.518451
441,13941.0,high,sanction,2021-09-17T10:22:38.518451
442,13963.0,low,sanction,2021-09-17T10:22:38.518451
443,13967.0,low,sanction,2021-09-17T10:22:38.518451
444,13972.0,high,sanction,2021-09-17T10:22:38.518451
445,14009.0,high,sanction,2021-09-17T10:22:38.518451
446,14047.0,low,sanction,2021-09-17T10:22:38.518451
447,14075.0,low,sanction,2021-09-17T10:22:38.518451
448,14086.0,high,sanction,2021-09-17T10:22:38.518451
449,14155.0,high,sanction,2021-09-17T10:22:38.518451
450,14168.0,high,sanction,2021-09-17T10:22:38.518451
451,14173.0,high,sanction,2021-09-17T10:22:38.518451
452,14214.0,low,sanction,2021-09-17T10:22:38.518451
453,14233.0,high,sanction,2021-09-17T10:22:38.518451
454,14301.0,low,sanction,2021-09-17T10:22:38.518451
455,14308.0,low,sanction,2021-09-17T10:22:38.518451
456,14335.0,high,sanction,2021-09-17T10:22:38.518451
457,14380.0,low,sanction,2021-09-17T10:22:38.518451
458,14387.0,low,sanction,2021-09-17T10:22:38.518451
459,14390.0,low,sanction,2021-09-17T10:22:38.518451
460,14403.0,low,sanction,2021-09-17T10:22:38.518451
461,14410.0,low,sanction,2021-09-17T10:22:38.518451
462,14411.0,low,sanction,2021-09-17T10:22:38.518451
463,14444.0,high,sanction,2021-09-17T10:22:38.518451
464,14455.0,high,sanction,2021-09-17T10:22:38.518451
465,14502.0,high,sanction,2021-09-17T10:22:38.518451
466,14570.0,high,sanction,2021-09-17T10:22:38.518451
467,14600.0,low,sanction,2021-09-17T10:22:38.518451
468,14613.0,low,sanction,2021-09-17T10:22:38.518451
469,14661.0,low,sanction,2021-09-17T10:22:38.518451
470,14671.0,high,sanction,2021-09-17T10:22:38.518451
471,14691.0,high,sanction,2021-09-17T10:22:38.518451
472,14754.0,low,sanction,2021-09-17T10:22:38.518451
473,14762.0,high,sanction,2021-09-17T10:22:38.518451
474,14810.0,high,sanction,2021-09-17T10:22:38.518451
475,14844.0,high,sanction,2021-09-17T10:22:38.518451
476,14864.0,high,sanction,2021-09-17T10:22:38.518451
477,14865.0,low,sanction,2021-09-17T10:22:38.518451
478,14877.0,low,sanction,2021-09-17T10:22:38.518451
479,14914.0,low,sanction,2021-09-17T10:22:38.518451
480,14918.0,high,sanction,2021-09-17T10:22:38.518451
481,14926.0,high,sanction,2021-09-17T10:22:38.518451
482,14939.0,high,sanction,2021-09-17T10:22:38.518451
483,14951.0,low,sanction,2021-09-17T10:22:38.518451
484,14963.0,low,sanction,2021-09-17T10:22:38.518451
485,14983.0,low,sanction,2021-09-17T10:22:38.518451
486,14986.0,high,sanction,2021-09-17T10:22:38.518451
487,15015.0,high,sanction,2021-09-17T10:22:38.518451
488,15019.0,high,sanction,2021-09-17T10:22:38.518451
489,15036.0,high,sanction,2021-09-17T10:22:38.518451
490,15045.0,high,sanction,2021-09-17T10:22:38.518451
491,15064.0,low,sanction,2021-09-17T10:22:38.518451
492,15070.0,low,sanction,2021-09-17T10:22:38.518451
493,15079.0,high,sanction,2021-09-17T10:22:38.518451
494,15117.0,high,sanction,2021-09-17T10:22:38.518451
495,15181.0,high,sanction,2021-09-17T10:22:38.518451
496,15209.0,high,sanction,2021-09-17T10:22:38.518451
497,15216.0,high,sanction,2021-09-17T10:22:38.518451
498,15242.0,high,sanction,2021-09-17T10:22:38.518451
499,15251.0,high,sanction,2021-09-17T10:22:38.518451
500,15260.0,low,sanction,2021-09-17T10:22:38.518451
501,15302.0,low,sanction,2021-09-17T10:22:38.518451
502,15305.0,high,sanction,2021-09-17T10:22:38.518451
503,15316.0,high,sanction,2021-09-17T10:22:38.518451
504,15317.0,low,sanction,2021-09-17T10:22:38.518451
505,15340.0,high,sanction,2021-09-17T10:22:38.518451
506,15381.0,high,sanction,2021-09-17T10:22:38.518451
507,15406.0,high,sanction,2021-09-17T10:22:38.518451
508,15422.0,high,sanction,2021-09-17T10:22:38.518451
509,15424.0,high,sanction,2021-09-17T10:22:38.518451
510,15425.0,high,sanction,2021-09-17T10:22:38.518451
511,15435.0,low,sanction,2021-09-17T10:22:38.518451
512,15440.0,high,sanction,2021-09-17T10:22:38.518451
513,15445.0,high,sanction,2021-09-17T10:22:38.518451
514,15455.0,low,sanction,2021-09-17T10:22:38.518451
515,15469.0,high,sanction,2021-09-17T10:22:38.518451
516,15493.0,high,sanction,2021-09-17T10:22:38.518451
517,15521.0,low,sanction,2021-09-17T10:22:38.518451
518,15532.0,low,sanction,2021-09-17T10:22:38.518451
519,15561.0,low,sanction,2021-09-17T10:22:38.518451
520,15599.0,low,sanction,2021-09-17T10:22:38.518451
521,15612.0,high,sanction,2021-09-17T10:22:38.518451
522,15622.0,low,sanction,2021-09-17T10:22:38.518451
523,15628.0,high,sanction,2021-09-17T10:22:38.518451
524,15636.0,low,sanction,2021-09-17T10:22:38.518451
525,15641.0,high,sanction,2021-09-17T10:22:38.518451
526,15645.0,low,sanction,2021-09-17T10:22:38.518451
527,15654.0,low,sanction,2021-09-17T10:22:38.518451
528,15682.0,low,sanction,2021-09-17T10:22:38.518451
529,15717.0,low,sanction,2021-09-17T10:22:38.518451
530,15721.0,high,sanction,2021-09-17T10:22:38.518451
531,15755.0,high,sanction,2021-09-17T10:22:38.518451
532,15782.0,low,sanction,2021-09-17T10:22:38.518451
533,15786.0,high,sanction,2021-09-17T10:22:38.518451
534,15854.0,low,sanction,2021-09-17T10:22:38.518451
535,15879.0,high,sanction,2021-09-17T10:22:38.518451
536,15896.0,low,sanction,2021-09-17T10:22:38.518451
537,15915.0,low,sanction,2021-09-17T10:22:38.518451
538,15928.0,low,sanction,2021-09-17T10:22:38.518451
539,15956.0,low,sanction,2021-09-17T10:22:38.518451
540,15990.0,low,sanction,2021-09-17T10:22:38.518451
541,15991.0,high,sanction,2021-09-17T10:22:38.518451
542,16024.0,low,sanction,2021-09-17T10:22:38.518451
543,16035.0,high,sanction,2021-09-17T10:22:38.518451
544,16055.0,low,sanction,2021-09-17T10:22:38.518451
545,16105.0,low,sanction,2021-09-17T10:22:38.518451
546,16106.0,low,sanction,2021-09-17T10:22:38.518451
547,16132.0,high,sanction,2021-09-17T10:22:38.518451
548,16150.0,low,sanction,2021-09-17T10:22:38.518451
549,16188.0,low,sanction,2021-09-17T10:22:38.518451
550,16199.0,high,sanction,2021-09-17T10:22:38.518451
551,16217.0,high,sanction,2021-09-17T10:22:38.518451
552,16233.0,low,sanction,2021-09-17T10:22:38.518451
553,16236.0,low,sanction,2021-09-17T10:22:38.518451
554,16237.0,high,sanction,2021-09-17T10:22:38.518451
555,16261.0,low,sanction,2021-09-17T10:22:38.518451
556,16284.0,high,sanction,2021-09-17T10:22:38.518451
557,16298.0,low,sanction,2021-09-17T10:22:38.518451
558,16336.0,low,sanction,2021-09-17T10:22:38.518451
559,16348.0,high,sanction,2021-09-17T10:22:38.518451
560,16363.0,low,sanction,2021-09-17T10:22:38.518451
561,16385.0,high,sanction,2021-09-17T10:22:38.518451
562,16393.0,low,sanction,2021-09-17T10:22:38.518451
563,16419.0,low,sanction,2021-09-17T10:22:38.518451
564,16437.0,high,sanction,2021-09-17T10:22:38.518451
565,16441.0,low,sanction,2021-09-17T10:22:38.518451
566,16451.0,low,sanction,2021-09-17T10:22:38.518451
567,16474.0,low,sanction,2021-09-17T10:22:38.518451
568,16482.0,high,sanction,2021-09-17T10:22:38.518451
569,16488.0,low,sanction,2021-09-17T10:22:38.518451
570,16516.0,high,sanction,2021-09-17T10:22:38.518451
571,16518.0,high,sanction,2021-09-17T10:22:38.518451
572,16524.0,high,sanction,2021-09-17T10:22:38.518451
573,16528.0,high,sanction,2021-09-17T10:22:38.518451
574,16542.0,low,sanction,2021-09-17T10:22:38.518451
575,16563.0,high,sanction,2021-09-17T10:22:38.518451
576,16587.0,high,sanction,2021-09-17T10:22:38.518451
577,16588.0,high,sanction,2021-09-17T10:22:38.518451
578,16591.0,low,sanction,2021-09-17T10:22:38.518451
579,16594.0,high,sanction,2021-09-17T10:22:38.518451
580,16635.0,high,sanction,2021-09-17T10:22:38.518451
581,16669.0,high,sanction,2021-09-17T10:22:38.518451
582,16676.0,high,sanction,2021-09-17T10:22:38.518451
583,16691.0,high,sanction,2021-09-17T10:22:38.518451
584,16697.0,high,sanction,2021-09-17T10:22:38.518451
585,16698.0,high,sanction,2021-09-17T10:22:38.518451
586,16699.0,high,sanction,2021-09-17T10:22:38.518451
587,16729.0,high,sanction,2021-09-17T10:22:38.518451
588,16743.0,high,sanction,2021-09-17T10:22:38.518451
589,16758.0,high,sanction,2021-09-17T10:22:38.518451
590,16808.0,low,sanction,2021-09-17T10:22:38.518451
591,16853.0,low,sanction,2021-09-17T10:22:38.518451
592,16864.0,high,sanction,2021-09-17T10:22:38.518451
593,16878.0,high,sanction,2021-09-17T10:22:38.518451
594,16896.0,high,sanction,2021-09-17T10:22:38.518451
595,16922.0,high,sanction,2021-09-17T10:22:38.518451
596,16928.0,low,sanction,2021-09-17T10:22:38.518451
597,16942.0,high,sanction,2021-09-17T10:22:38.518451
598,16947.0,low,sanction,2021-09-17T10:22:38.518451
599,16957.0,high,sanction,2021-09-17T10:22:38.518451
600,17000.0,high,sanction,2021-09-17T10:22:38.518451
601,17001.0,high,sanction,2021-09-17T10:22:38.518451
602,17021.0,high,sanction,2021-09-17T10:22:38.518451
603,17033.0,high,sanction,2021-09-17T10:22:38.518451
604,17044.0,high,sanction,2021-09-17T10:22:38.518451
605,17087.0,low,sanction,2021-09-17T10:22:38.518451
606,17091.0,high,sanction,2021-09-17T10:22:38.518451
607,17105.0,high,sanction,2021-09-17T10:22:38.518451
608,17159.0,high,sanction,2021-09-17T10:22:38.518451
609,17166.0,high,sanction,2021-09-17T10:22:38.518451
610,17177.0,high,sanction,2021-09-17T10:22:38.518451
611,17178.0,low,sanction,2021-09-17T10:22:38.518451
612,17203.0,low,sanction,2021-09-17T10:22:38.518451
613,17218.0,high,sanction,2021-09-17T10:22:38.518451
614,17227.0,low,sanction,2021-09-17T10:22:38.518451
615,17325.0,low,sanction,2021-09-17T10:22:38.518451
616,17331.0,low,sanction,2021-09-17T10:22:38.518451
617,17342.0,low,sanction,2021-09-17T10:22:38.518451
618,17360.0,high,sanction,2021-09-17T10:22:38.518451
619,17368.0,high,sanction,2021-09-17T10:22:38.518451
620,17389.0,low,sanction,2021-09-17T10:22:38.518451
621,17418.0,high,sanction,2021-09-17T10:22:38.518451
622,17423.0,low,sanction,2021-09-17T10:22:38.518451
623,17462.0,low,sanction,2021-09-17T10:22:38.518451
624,17465.0,high,sanction,2021-09-17T10:22:38.518451
625,17466.0,low,sanction,2021-09-17T10:22:38.518451
626,17471.0,high,sanction,2021-09-17T10:22:38.518451
627,17494.0,low,sanction,2021-09-17T10:22:38.518451
628,17503.0,low,sanction,2021-09-17T10:22:38.518451
629,17507.0,high,sanction,2021-09-17T10:22:38.518451
630,17522.0,low,sanction,2021-09-17T10:22:38.518451
631,17530.0,low,sanction,2021-09-17T10:22:38.518451
632,17538.0,low,sanction,2021-09-17T10:22:38.518451
633,17546.0,high,sanction,2021-09-17T10:22:38.518451
634,17548.0,high,sanction,2021-09-17T10:22:38.518451
635,17643.0,low,sanction,2021-09-17T10:22:38.518451
636,17653.0,low,sanction,2021-09-17T10:22:38.518451
637,17670.0,low,sanction,2021-09-17T10:22:38.518451
638,17699.0,high,sanction,2021-09-17T10:22:38.518451
639,17738.0,high,sanction,2021-09-17T10:22:38.518451
640,17742.0,high,sanction,2021-09-17T10:22:38.518451
641,17752.0,high,sanction,2021-09-17T10:22:38.518451
642,17758.0,low,sanction,2021-09-17T10:22:38.518451
643,17788.0,high,sanction,2021-09-17T10:22:38.518451
644,17794.0,low,sanction,2021-09-17T10:22:38.518451
645,17809.0,low,sanction,2021-09-17T10:22:38.518451
646,17829.0,high,sanction,2021-09-17T10:22:38.518451
647,17867.0,low,sanction,2021-09-17T10:22:38.518451
648,17915.0,high,sanction,2021-09-17T10:22:38.518451
649,17925.0,low,sanction,2021-09-17T10:22:38.518451
650,17956.0,high,sanction,2021-09-17T10:22:38.518451
651,18005.0,high,sanction,2021-09-17T10:22:38.518451
652,18034.0,high,sanction,2021-09-17T10:22:38.518451
653,18043.0,low,sanction,2021-09-17T10:22:38.518451
654,18045.0,high,sanction,2021-09-17T10:22:38.518451
655,18048.0,low,sanction,2021-09-17T10:22:38.518451
656,18052.0,low,sanction,2021-09-17T10:22:38.518451
657,18077.0,high,sanction,2021-09-17T10:22:38.518451
658,18108.0,high,sanction,2021-09-17T10:22:38.518451
659,18150.0,high,sanction,2021-09-17T10:22:38.518451
660,18172.0,high,sanction,2021-09-17T10:22:38.518451
661,18192.0,high,sanction,2021-09-17T10:22:38.518451
662,18197.0,low,sanction,2021-09-17T10:22:38.518451
663,18220.0,high,sanction,2021-09-17T10:22:38.518451
664,18250.0,low,sanction,2021-09-17T10:22:38.518451
665,18292.0,high,sanction,2021-09-17T10:22:38.518451
666,18294.0,low,sanction,2021-09-17T10:22:38.518451
667,18297.0,high,sanction,2021-09-17T10:22:38.518451
668,18312.0,high,sanction,2021-09-17T10:22:38.518451
669,18314.0,low,sanction,2021-09-17T10:22:38.518451
670,18329.0,high,sanction,2021-09-17T10:22:38.518451
671,18330.0,low,sanction,2021-09-17T10:22:38.518451
672,18363.0,high,sanction,2021-09-17T10:22:38.518451
673,18366.0,high,sanction,2021-09-17T10:22:38.518451
674,18381.0,high,sanction,2021-09-17T10:22:38.518451
675,18397.0,high,sanction,2021-09-17T10:22:38.518451
676,18413.0,high,sanction,2021-09-17T10:22:38.518451
677,18419.0,high,sanction,2021-09-17T10:22:38.518451
678,18443.0,low,sanction,2021-09-17T10:22:38.518451
679,18462.0,high,sanction,2021-09-17T10:22:38.518451
680,18463.0,high,sanction,2021-09-17T10:22:38.518451
681,18479.0,high,sanction,2021-09-17T10:22:38.518451
682,18504.0,low,sanction,2021-09-17T10:22:38.518451
683,18523.0,high,sanction,2021-09-17T10:22:38.518451
684,18526.0,high,sanction,2021-09-17T10:22:38.518451
685,18534.0,high,sanction,2021-09-17T10:22:38.518451
686,18538.0,high,sanction,2021-09-17T10:22:38.518451
687,18540.0,high,sanction,2021-09-17T10:22:38.518451
688,18545.0,high,sanction,2021-09-17T10:22:38.518451
689,18564.0,high,sanction,2021-09-17T10:22:38.518451
690,18581.0,high,sanction,2021-09-17T10:22:38.518451
691,18620.0,high,sanction,2021-09-17T10:22:38.518451
692,18712.0,high,sanction,2021-09-17T10:22:38.518451
693,18745.0,low,sanction,2021-09-17T10:22:38.518451
694,18748.0,high,sanction,2021-09-17T10:22:38.518451
695,18817.0,low,sanction,2021-09-17T10:22:38.518451
696,18827.0,high,sanction,2021-09-17T10:22:38.518451
697,18903.0,high,sanction,2021-09-17T10:22:38.518451
698,18909.0,high,sanction,2021-09-17T10:22:38.518451
699,18960.0,high,sanction,2021-09-17T10:22:38.518451
700,18977.0,high,sanction,2021-09-17T10:22:38.518451
701,18989.0,high,sanction,2021-09-17T10:22:38.518451
702,19045.0,high,sanction,2021-09-17T10:22:38.518451
703,19065.0,high,sanction,2021-09-17T10:22:38.518451
704,19079.0,high,sanction,2021-09-17T10:22:38.518451
705,19109.0,high,sanction,2021-09-17T10:22:38.518451
706,19113.0,high,sanction,2021-09-17T10:22:38.518451
707,19146.0,high,sanction,2021-09-17T10:22:38.518451
708,19150.0,low,sanction,2021-09-17T10:22:38.518451
709,19168.0,low,sanction,2021-09-17T10:22:38.518451
710,19177.0,low,sanction,2021-09-17T10:22:38.518451
711,19199.0,high,sanction,2021-09-17T10:22:38.518451
712,19285.0,low,sanction,2021-09-17T10:22:38.518451
713,19287.0,low,sanction,2021-09-17T10:22:38.518451
714,19302.0,high,sanction,2021-09-17T10:22:38.518451
715,19315.0,high,sanction,2021-09-17T10:22:38.518451
716,19348.0,low,sanction,2021-09-17T10:22:38.518451
717,19367.0,high,sanction,2021-09-17T10:22:38.518451
718,19391.0,high,sanction,2021-09-17T10:22:38.518451
719,19427.0,high,sanction,2021-09-17T10:22:38.518451
720,19443.0,high,sanction,2021-09-17T10:22:38.518451
721,19457.0,low,sanction,2021-09-17T10:22:38.518451
722,19475.0,high,sanction,2021-09-17T10:22:38.518451
723,19506.0,high,sanction,2021-09-17T10:22:38.518451
724,19517.0,high,sanction,2021-09-17T10:22:38.518451
725,19527.0,high,sanction,2021-09-17T10:22:38.518451
726,19531.0,high,sanction,2021-09-17T10:22:38.518451
727,19562.0,high,sanction,2021-09-17T10:22:38.518451
728,19579.0,high,sanction,2021-09-17T10:22:38.518451
729,19592.0,high,sanction,2021-09-17T10:22:38.518451
730,19614.0,high,sanction,2021-09-17T10:22:38.518451
731,19654.0,low,sanction,2021-09-17T10:22:38.518451
732,19678.0,high,sanction,2021-09-17T10:22:38.518451
733,19690.0,high,sanction,2021-09-17T10:22:38.518451
734,19714.0,low,sanction,2021-09-17T10:22:38.518451
735,19718.0,high,sanction,2021-09-17T10:22:38.518451
736,19724.0,high,sanction,2021-09-17T10:22:38.518451
737,19728.0,high,sanction,2021-09-17T10:22:38.518451
738,19753.0,high,sanction,2021-09-17T10:22:38.518451
739,19762.0,high,sanction,2021-09-17T10:22:38.518451
740,19770.0,high,sanction,2021-09-17T10:22:38.518451
741,19799.0,high,sanction,2021-09-17T10:22:38.518451
742,19816.0,high,sanction,2021-09-17T10:22:38.518451
743,19830.0,high,sanction,2021-09-17T10:22:38.518451
744,19832.0,high,sanction,2021-09-17T10:22:38.518451
745,19841.0,low,sanction,2021-09-17T10:22:38.518451
746,19848.0,high,sanction,2021-09-17T10:22:38.518451
747,19857.0,high,sanction,2021-09-17T10:22:38.518451
748,19896.0,high,sanction,2021-09-17T10:22:38.518451
749,19900.0,low,sanction,2021-09-17T10:22:38.518451
750,19912.0,low,sanction,2021-09-17T10:22:38.518451
751,19919.0,low,sanction,2021-09-17T10:22:38.518451
752,19926.0,high,sanction,2021-09-17T10:22:38.518451
753,19936.0,high,sanction,2021-09-17T10:22:38.518451
754,19981.0,low,sanction,2021-09-17T10:22:38.518451
755,20004.0,low,sanction,2021-09-17T10:22:38.518451
756,20022.0,high,sanction,2021-09-17T10:22:38.518451
757,20033.0,low,sanction,2021-09-17T10:22:38.518451
758,20080.0,low,sanction,2021-09-17T10:22:38.518451
759,20082.0,low,sanction,2021-09-17T10:22:38.518451
760,20131.0,high,sanction,2021-09-17T10:22:38.518451
761,20133.0,high,sanction,2021-09-17T10:22:38.518451
762,20138.0,high,sanction,2021-09-17T10:22:38.518451
763,20156.0,low,sanction,2021-09-17T10:22:38.518451
764,20233.0,high,sanction,2021-09-17T10:22:38.518451
765,20254.0,high,sanction,2021-09-17T10:22:38.518451
766,20262.0,high,sanction,2021-09-17T10:22:38.518451
767,20270.0,high,sanction,2021-09-17T10:22:38.518451
768,20332.0,high,sanction,2021-09-17T10:22:38.518451
769,20339.0,high,sanction,2021-09-17T10:22:38.518451
770,20362.0,high,sanction,2021-09-17T10:22:38.518451
771,20364.0,low,sanction,2021-09-17T10:22:38.518451
772,20366.0,high,sanction,2021-09-17T10:22:38.518451
773,20382.0,high,sanction,2021-09-17T10:22:38.518451
774,20400.0,high,sanction,2021-09-17T10:22:38.518451
775,20401.0,low,sanction,2021-09-17T10:22:38.518451
776,20412.0,high,sanction,2021-09-17T10:22:38.518451
777,20422.0,low,sanction,2021-09-17T10:22:38.518451
778,20437.0,low,sanction,2021-09-17T10:22:38.518451
779,20488.0,high,sanction,2021-09-17T10:22:38.518451
780,20511.0,low,sanction,2021-09-17T10:22:38.518451
781,20519.0,high,sanction,2021-09-17T10:22:38.518451
782,20578.0,low,sanction,2021-09-17T10:22:38.518451
783,20580.0,high,sanction,2021-09-17T10:22:38.518451
784,20607.0,high,sanction,2021-09-17T10:22:38.518451
785,20615.0,high,sanction,2021-09-17T10:22:38.518451
786,20626.0,high,sanction,2021-09-17T10:22:38.518451
787,20640.0,high,sanction,2021-09-17T10:22:38.518451
788,20642.0,low,sanction,2021-09-17T10:22:38.518451
789,20656.0,low,sanction,2021-09-17T10:22:38.518451
790,20657.0,high,sanction,2021-09-17T10:22:38.518451
791,20662.0,high,sanction,2021-09-17T10:22:38.518451
792,20695.0,low,sanction,2021-09-17T10:22:38.518451
793,20702.0,high,sanction,2021-09-17T10:22:38.518451
794,20705.0,high,sanction,2021-09-17T10:22:38.518451
795,20719.0,low,sanction,2021-09-17T10:22:38.518451
796,20738.0,high,sanction,2021-09-17T10:22:38.518451
797,20743.0,high,sanction,2021-09-17T10:22:38.518451
798,20771.0,low,sanction,2021-09-17T10:22:38.518451
799,20807.0,high,sanction,2021-09-17T10:22:38.518451
800,20856.0,high,sanction,2021-09-17T10:22:38.518451
801,20864.0,low,sanction,2021-09-17T10:22:38.518451
802,20868.0,high,sanction,2021-09-17T10:22:38.518451
803,20889.0,high,sanction,2021-09-17T10:22:38.518451
804,20890.0,low,sanction,2021-09-17T10:22:38.518451
805,20897.0,high,sanction,2021-09-17T10:22:38.518451
806,20898.0,low,sanction,2021-09-17T10:22:38.518451
807,20940.0,low,sanction,2021-09-17T10:22:38.518451
808,20953.0,high,sanction,2021-09-17T10:22:38.518451
809,21044.0,high,sanction,2021-09-17T10:22:38.518451
810,21061.0,low,sanction,2021-09-17T10:22:38.518451
811,21062.0,high,sanction,2021-09-17T10:22:38.518451
812,21090.0,high,sanction,2021-09-17T10:22:38.518451
813,21094.0,high,sanction,2021-09-17T10:22:38.518451
814,21131.0,high,sanction,2021-09-17T10:22:38.518451
815,21152.0,high,sanction,2021-09-17T10:22:38.518451
816,21154.0,high,sanction,2021-09-17T10:22:38.518451
817,21205.0,low,sanction,2021-09-17T10:22:38.518451
818,21221.0,low,sanction,2021-09-17T10:22:38.518451
819,21224.0,high,sanction,2021-09-17T10:22:38.518451
820,21243.0,low,sanction,2021-09-17T10:22:38.518451
821,21244.0,low,sanction,2021-09-17T10:22:38.518451
822,21288.0,high,sanction,2021-09-17T10:22:38.518451
823,21310.0,low,sanction,2021-09-17T10:22:38.518451
824,21325.0,high,sanction,2021-09-17T10:22:38.518451
825,21359.0,high,sanction,2021-09-17T10:22:38.518451
826,21360.0,high,sanction,2021-09-17T10:22:38.518451
827,21375.0,high,sanction,2021-09-17T10:22:38.518451
828,21380.0,low,sanction,2021-09-17T10:22:38.518451
829,21387.0,high,sanction,2021-09-17T10:22:38.518451
830,21410.0,high,sanction,2021-09-17T10:22:38.518451
831,21433.0,low,sanction,2021-09-17T10:22:38.518451
832,21440.0,high,sanction,2021-09-17T10:22:38.518451
833,21444.0,high,sanction,2021-09-17T10:22:38.518451
834,21478.0,high,sanction,2021-09-17T10:22:38.518451
835,21495.0,high,sanction,2021-09-17T10:22:38.518451
836,21499.0,high,sanction,2021-09-17T10:22:38.518451
837,21528.0,high,sanction,2021-09-17T10:22:38.518451
838,21534.0,high,sanction,2021-09-17T10:22:38.518451
839,21556.0,low,sanction,2021-09-17T10:22:38.518451
840,21675.0,high,sanction,2021-09-17T10:22:38.518451
841,21701.0,low,sanction,2021-09-17T10:22:38.518451
842,21719.0,high,sanction,2021-09-17T10:22:38.518451
843,21731.0,high,sanction,2021-09-17T10:22:38.518451
844,21742.0,low,sanction,2021-09-17T10:22:38.518451
845,21771.0,low,sanction,2021-09-17T10:22:38.518451
846,21773.0,low,sanction,2021-09-17T10:22:38.518451
847,21830.0,high,sanction,2021-09-17T10:22:38.518451
848,21861.0,low,sanction,2021-09-17T10:22:38.518451
849,21863.0,high,sanction,2021-09-17T10:22:38.518451
850,21877.0,high,sanction,2021-09-17T10:22:38.518451
851,21885.0,low,sanction,2021-09-17T10:22:38.518451
852,21892.0,high,sanction,2021-09-17T10:22:38.518451
853,21905.0,high,sanction,2021-09-17T10:22:38.518451
854,21906.0,high,sanction,2021-09-17T10:22:38.518451
855,21911.0,low,sanction,2021-09-17T10:22:38.518451
856,21928.0,high,sanction,2021-09-17T10:22:38.518451
857,21948.0,high,sanction,2021-09-17T10:22:38.518451
858,21958.0,low,sanction,2021-09-17T10:22:38.518451
859,21999.0,high,sanction,2021-09-17T10:22:38.518451
860,22004.0,low,sanction,2021-09-17T10:22:38.518451
861,22035.0,high,sanction,2021-09-17T10:22:38.518451
862,22044.0,high,sanction,2021-09-17T10:22:38.518451
863,22055.0,high,sanction,2021-09-17T10:22:38.518451
864,22071.0,high,sanction,2021-09-17T10:22:38.518451
865,22081.0,high,sanction,2021-09-17T10:22:38.518451
866,22119.0,high,sanction,2021-09-17T10:22:38.518451
867,22131.0,high,sanction,2021-09-17T10:22:38.518451
868,22192.0,high,sanction,2021-09-17T10:22:38.518451
869,22202.0,high,sanction,2021-09-17T10:22:38.518451
870,22203.0,high,sanction,2021-09-17T10:22:38.518451
871,22224.0,high,sanction,2021-09-17T10:22:38.518451
872,22242.0,high,sanction,2021-09-17T10:22:38.518451
873,22283.0,low,sanction,2021-09-17T10:22:38.518451
874,22292.0,high,sanction,2021-09-17T10:22:38.518451
875,22308.0,high,sanction,2021-09-17T10:22:38.518451
876,22317.0,low,sanction,2021-09-17T10:22:38.518451
877,22375.0,high,sanction,2021-09-17T10:22:38.518451
878,22385.0,high,sanction,2021-09-17T10:22:38.518451
879,22397.0,low,sanction,2021-09-17T10:22:38.518451
880,22421.0,low,sanction,2021-09-17T10:22:38.518451
881,22436.0,low,sanction,2021-09-17T10:22:38.518451
882,22446.0,low,sanction,2021-09-17T10:22:38.518451
883,22459.0,high,sanction,2021-09-17T10:22:38.518451
884,22481.0,high,sanction,2021-09-17T10:22:38.518451
885,22484.0,high,sanction,2021-09-17T10:22:38.518451
886,22543.0,high,sanction,2021-09-17T10:22:38.518451
887,22547.0,low,sanction,2021-09-17T10:22:38.518451
888,22553.0,high,sanction,2021-09-17T10:22:38.518451
889,22564.0,low,sanction,2021-09-17T10:22:38.518451
890,22570.0,low,sanction,2021-09-17T10:22:38.518451
891,22571.0,high,sanction,2021-09-17T10:22:38.518451
892,22576.0,high,sanction,2021-09-17T10:22:38.518451
893,22579.0,high,sanction,2021-09-17T10:22:38.518451
894,22622.0,high,sanction,2021-09-17T10:22:38.518451
895,22629.0,high,sanction,2021-09-17T10:22:38.518451
896,22637.0,low,sanction,2021-09-17T10:22:38.518451
897,22646.0,high,sanction,2021-09-17T10:22:38.518451
898,22667.0,high,sanction,2021-09-17T10:22:38.518451
899,22680.0,high,sanction,2021-09-17T10:22:38.518451
900,22700.0,high,sanction,2021-09-17T10:22:38.518451
901,22713.0,high,sanction,2021-09-17T10:22:38.518451
902,22776.0,low,sanction,2021-09-17T10:22:38.518451
903,22806.0,low,sanction,2021-09-17T10:22:38.518451
904,22809.0,low,sanction,2021-09-17T10:22:38.518451
905,22815.0,high,sanction,2021-09-17T10:22:38.518451
906,22819.0,low,sanction,2021-09-17T10:22:38.518451
907,22838.0,high,sanction,2021-09-17T10:22:38.518451
908,22891.0,low,sanction,2021-09-17T10:22:38.518451
909,22914.0,high,sanction,2021-09-17T10:22:38.518451
910,22944.0,low,sanction,2021-09-17T10:22:38.518451
911,22945.0,low,sanction,2021-09-17T10:22:38.518451
912,22959.0,high,sanction,2021-09-17T10:22:38.518451
913,22969.0,high,sanction,2021-09-17T10:22:38.518451
914,22970.0,low,sanction,2021-09-17T10:22:38.518451
915,23008.0,high,sanction,2021-09-17T10:22:38.518451
916,23029.0,high,sanction,2021-09-17T10:22:38.518451
917,23035.0,high,sanction,2021-09-17T10:22:38.518451
918,23036.0,high,sanction,2021-09-17T10:22:38.518451
919,23042.0,high,sanction,2021-09-17T10:22:38.518451
920,23047.0,high,sanction,2021-09-17T10:22:38.518451
921,23051.0,high,sanction,2021-09-17T10:22:38.518451
922,23059.0,high,sanction,2021-09-17T10:22:38.518451
923,23081.0,low,sanction,2021-09-17T10:22:38.518451
924,23104.0,high,sanction,2021-09-17T10:22:38.518451
925,23131.0,low,sanction,2021-09-17T10:22:38.518451
926,23165.0,low,sanction,2021-09-17T10:22:38.518451
927,23182.0,high,sanction,2021-09-17T10:22:38.518451
928,23188.0,low,sanction,2021-09-17T10:22:38.518451
929,23196.0,high,sanction,2021-09-17T10:22:38.518451
930,23203.0,low,sanction,2021-09-17T10:22:38.518451
931,23223.0,low,sanction,2021-09-17T10:22:38.518451
932,23270.0,low,sanction,2021-09-17T10:22:38.518451
933,23272.0,low,sanction,2021-09-17T10:22:38.518451
934,23273.0,low,sanction,2021-09-17T10:22:38.518451
935,23290.0,low,sanction,2021-09-17T10:22:38.518451
936,23294.0,high,sanction,2021-09-17T10:22:38.518451
937,23384.0,high,sanction,2021-09-17T10:22:38.518451
938,23385.0,high,sanction,2021-09-17T10:22:38.518451
939,23386.0,high,sanction,2021-09-17T10:22:38.518451
940,23391.0,high,sanction,2021-09-17T10:22:38.518451
941,23402.0,high,sanction,2021-09-17T10:22:38.518451
942,23412.0,high,sanction,2021-09-17T10:22:38.518451
943,23415.0,high,sanction,2021-09-17T10:22:38.518451
944,23486.0,high,sanction,2021-09-17T10:22:38.518451
945,23511.0,low,sanction,2021-09-17T10:22:38.518451
946,23519.0,low,sanction,2021-09-17T10:22:38.518451
947,23540.0,low,sanction,2021-09-17T10:22:38.518451
948,23582.0,high,sanction,2021-09-17T10:22:38.518451
949,23595.0,low,sanction,2021-09-17T10:22:38.518451
950,23636.0,low,sanction,2021-09-17T10:22:38.518451
951,23638.0,low,sanction,2021-09-17T10:22:38.518451
952,23643.0,low,sanction,2021-09-17T10:22:38.518451
953,23687.0,high,sanction,2021-09-17T10:22:38.518451
954,23714.0,low,sanction,2021-09-17T10:22:38.518451
955,23731.0,low,sanction,2021-09-17T10:22:38.518451
956,23738.0,high,sanction,2021-09-17T10:22:38.518451
957,23740.0,high,sanction,2021-09-17T10:22:38.518451
958,23757.0,high,sanction,2021-09-17T10:22:38.518451
959,23763.0,high,sanction,2021-09-17T10:22:38.518451
960,23765.0,high,sanction,2021-09-17T10:22:38.518451
961,23789.0,low,sanction,2021-09-17T10:22:38.518451
